https://sdowney.org/index.php/2017/01/08/twentytwelve/,https://sdowney.org/pages/index.php/2017/01/08/twentytwelve.html
https://sdowney.org/index.php/2020/11/28/twitter/,https://sdowney.org/pages/index.php/2020/11/28/twitter.html
https://sdowney.org/index.php/2020/11/28/github/,https://sdowney.org/pages/index.php/2020/11/28/github.html
https://sdowney.org/index.php/2023/12/24/twentyseventeen/,https://sdowney.org/pages/index.php/2023/12/24/twentyseventeen.html
https://sdowney.org/index.php/ap_extrafield/blog/,https://sdowney.org/pages/index.php/ap_extrafield/blog.html
https://sdowney.org/index.php/ap_extrafield/profile/,https://sdowney.org/pages/index.php/ap_extrafield/profile.html
https://sdowney.org/index.php/ap_extrafield/homepage/,https://sdowney.org/pages/index.php/ap_extrafield/homepage.html
https://sdowney.org/?p=1,https://sdowney.org/posts/hello-world.html
https://sdowney.org/?page_id=3,https://sdowney.org/pages/privacy-policy.html
https://sdowney.org/index.php/about/,https://sdowney.org/pages/index.php/about.html
https://sdowney.org/index.php/2004/09/28/tbr-agyar-by-steven-brust/,https://sdowney.org/posts/index.php/2004/09/28/tbr-agyar-by-steven-brust.html
https://sdowney.org/index.php/2004/09/28/tbr-excession-by-iain-m-banks/,https://sdowney.org/posts/index.php/2004/09/28/tbr-excession-by-iain-m-banks.html
https://sdowney.org/index.php/2004/09/28/tbr-inversions-by-iain-m-banks/,https://sdowney.org/posts/index.php/2004/09/28/tbr-inversions-by-iain-m-banks.html
https://sdowney.org/index.php/2004/09/28/tbr-fortress-of-grey-ice-by-j-v-jones/,https://sdowney.org/posts/index.php/2004/09/28/tbr-fortress-of-grey-ice-by-j-v-jones.html
https://sdowney.org/index.php/2004/09/28/tbr-with-the-lightnings-by-david-drake/,https://sdowney.org/posts/index.php/2004/09/28/tbr-with-the-lightnings-by-david-drake.html
https://sdowney.org/index.php/2004/09/28/tbr-forever-peace-by-joe-haldeman/,https://sdowney.org/posts/index.php/2004/09/28/tbr-forever-peace-by-joe-haldeman.html
https://sdowney.org/index.php/2004/09/28/tbr-against-the-tide-of-years-by-s-m-stirling/,https://sdowney.org/posts/index.php/2004/09/28/tbr-against-the-tide-of-years-by-s-m-stirling.html
https://sdowney.org/index.php/2004/09/27/tbr-battle-of-corrin-by-brian-herbert-and-kevin-j-anderson/,https://sdowney.org/posts/index.php/2004/09/27/tbr-battle-of-corrin-by-brian-herbert-and-kevin-j-anderson.html
https://sdowney.org/index.php/2004/09/27/tbr-lord-darcy-by-randall-garrett/,https://sdowney.org/posts/index.php/2004/09/27/tbr-lord-darcy-by-randall-garrett.html
https://sdowney.org/index.php/2004/09/28/black-forest-brewhaus/,https://sdowney.org/posts/index.php/2004/09/28/black-forest-brewhaus.html
https://sdowney.org/index.php/2004/09/28/tbr-to-be-read/,https://sdowney.org/posts/index.php/2004/09/28/tbr-to-be-read.html
https://sdowney.org/index.php/2004/09/08/test-mail-post/,https://sdowney.org/posts/index.php/2004/09/08/test-mail-post.html
https://sdowney.org/?p=104,https://sdowney.org/posts/104.html
https://sdowney.org/?p=157,https://sdowney.org/posts/157.html
https://sdowney.org/?p=296,https://sdowney.org/posts/296.html
https://sdowney.org/?p=316,https://sdowney.org/posts/special-blocks-and-emacs-org-mode-export.html
https://sdowney.org/index.php/2023/05/17/mastodon/,https://sdowney.org/pages/index.php/2023/05/17/mastodon.html
https://sdowney.org/index.php/2004/10/19/agyar-by-steven-brust/,https://sdowney.org/posts/index.php/2004/10/19/agyar-by-steven-brust.html
https://sdowney.org/index.php/2004/09/28/tbr-quicksilver-by-neal-stephenson/,https://sdowney.org/posts/index.php/2004/09/28/tbr-quicksilver-by-neal-stephenson.html
https://sdowney.org/index.php/2004/09/28/tbr-darwins-children/,https://sdowney.org/posts/index.php/2004/09/28/tbr-darwins-children.html
https://sdowney.org/index.php/2004/09/28/tbr-the-wanderer-by-fritz-leiber/,https://sdowney.org/posts/index.php/2004/09/28/tbr-the-wanderer-by-fritz-leiber.html
https://sdowney.org/index.php/2004/09/28/tbr-to-die-in-italbar-by-roger-zelazny/,https://sdowney.org/posts/index.php/2004/09/28/tbr-to-die-in-italbar-by-roger-zelazny.html
https://sdowney.org/index.php/2004/09/28/tbr-dark-ladies-by-fritz-leiber/,https://sdowney.org/posts/index.php/2004/09/28/tbr-dark-ladies-by-fritz-leiber.html
https://sdowney.org/index.php/2005/02/20/thinking-about-exception-safety-in-c/,https://sdowney.org/posts/index.php/2005/02/20/thinking-about-exception-safety-in-c.html
https://sdowney.org/index.php/2005/02/05/more-house-construction/,https://sdowney.org/posts/index.php/2005/02/05/more-house-construction.html
https://sdowney.org/index.php/2005/02/01/we-have-a-roof/,https://sdowney.org/posts/index.php/2005/02/01/we-have-a-roof.html
https://sdowney.org/index.php/2005/01/31/moving-homebrew-around/,https://sdowney.org/posts/index.php/2005/01/31/moving-homebrew-around.html
https://sdowney.org/index.php/2005/01/31/pine-wood-derby/,https://sdowney.org/posts/index.php/2005/01/31/pine-wood-derby.html
https://sdowney.org/index.php/2005/01/29/skylight-in-the-kitchen/,https://sdowney.org/posts/index.php/2005/01/29/skylight-in-the-kitchen.html
https://sdowney.org/index.php/2005/01/29/the-roof-is-off/,https://sdowney.org/posts/index.php/2005/01/29/the-roof-is-off.html
https://sdowney.org/index.php/2005/01/27/clearing-the-second-floor/,https://sdowney.org/posts/index.php/2005/01/27/clearing-the-second-floor.html
https://sdowney.org/index.php/2005/01/27/closing-the-closet/,https://sdowney.org/posts/index.php/2005/01/27/closing-the-closet.html
https://sdowney.org/index.php/2005/01/27/a-better-view-of-the-steel-beam/,https://sdowney.org/posts/index.php/2005/01/27/a-better-view-of-the-steel-beam.html
https://sdowney.org/index.php/2005/01/27/starting-to-demolish/,https://sdowney.org/posts/index.php/2005/01/27/starting-to-demolish.html
https://sdowney.org/index.php/2005/01/27/my-dismantled-network-lab/,https://sdowney.org/posts/index.php/2005/01/27/my-dismantled-network-lab.html
https://sdowney.org/index.php/2005/01/19/ok-im-apparently-more-of-a-geek-than-i-thought/,https://sdowney.org/posts/index.php/2005/01/19/ok-im-apparently-more-of-a-geek-than-i-thought.html
https://sdowney.org/index.php/2004/09/30/linux-and-apm-and-acpi-and-my-thinkpad-and/,https://sdowney.org/posts/index.php/2004/09/30/linux-and-apm-and-acpi-and-my-thinkpad-and.html
https://sdowney.org/index.php/2007/01/24/monads-rest-and-c-template-metaprogramming/,https://sdowney.org/posts/index.php/2007/01/24/monads-rest-and-c-template-metaprogramming.html
https://sdowney.org/index.php/2007/01/20/rest-in-peace-robert-anton-wilson/,https://sdowney.org/posts/index.php/2007/01/20/rest-in-peace-robert-anton-wilson.html
https://sdowney.org/index.php/2006/03/28/types-and-programming-languages-chapter-4/,https://sdowney.org/posts/index.php/2006/03/28/types-and-programming-languages-chapter-4.html
https://sdowney.org/index.php/2006/03/20/solaris-network-install-using-linux-dhcp-server/,https://sdowney.org/posts/index.php/2006/03/20/solaris-network-install-using-linux-dhcp-server.html
https://sdowney.org/index.php/2006/03/11/epsilon-delta-mathematics-and-computer-programming-number-sequence-puzzles-are-arbitrary/,https://sdowney.org/posts/index.php/2006/03/11/epsilon-delta-mathematics-and-computer-programming-number-sequence-puzzles-are-arbitrary.html
https://sdowney.org/index.php/2006/02/21/brew-day/,https://sdowney.org/posts/index.php/2006/02/21/brew-day.html
https://sdowney.org/index.php/2006/02/13/bill-de-hora-i-think-i-figured-out-the-list-comprehensions-thing/,https://sdowney.org/posts/index.php/2006/02/13/bill-de-hora-i-think-i-figured-out-the-list-comprehensions-thing.html
https://sdowney.org/index.php/2006/02/01/picture-of-me-at-end-of-day/,https://sdowney.org/posts/index.php/2006/02/01/picture-of-me-at-end-of-day.html
https://sdowney.org/index.php/2006/02/01/oktale-novemberfest/,https://sdowney.org/posts/index.php/2006/02/01/oktale-novemberfest.html
https://sdowney.org/index.php/2006/01/30/waterfall-2006-international-conference-on-sequential-development/,https://sdowney.org/posts/index.php/2006/01/30/waterfall-2006-international-conference-on-sequential-development.html
https://sdowney.org/index.php/2006/01/26/template-metaprogramming-google-search/,https://sdowney.org/posts/index.php/2006/01/26/template-metaprogramming-google-search.html
https://sdowney.org/index.php/2006/01/24/google-mobile-personalized-home/,https://sdowney.org/posts/index.php/2006/01/24/google-mobile-personalized-home.html
https://sdowney.org/index.php/2005/10/27/can-you-pass-8th-grade-math/,https://sdowney.org/posts/index.php/2005/10/27/can-you-pass-8th-grade-math.html
https://sdowney.org/index.php/2005/10/10/oktale-novemberfest-2/,https://sdowney.org/posts/index.php/2005/10/10/oktale-novemberfest-2.html
https://sdowney.org/index.php/2005/10/06/oktale-recipe/,https://sdowney.org/posts/index.php/2005/10/06/oktale-recipe.html
https://sdowney.org/index.php/2005/10/03/new-brew-planning/,https://sdowney.org/posts/index.php/2005/10/03/new-brew-planning.html
https://sdowney.org/index.php/2005/06/16/downloads-at-opensolaris-org/,https://sdowney.org/posts/index.php/2005/06/16/downloads-at-opensolaris-org.html
https://sdowney.org/index.php/2005/06/14/sun-studio-downloads-at-opensolaris-org/,https://sdowney.org/posts/index.php/2005/06/14/sun-studio-downloads-at-opensolaris-org.html
https://sdowney.org/index.php/2005/05/07/another-nerd-test/,https://sdowney.org/posts/index.php/2005/05/07/another-nerd-test.html
https://sdowney.org/index.php/2005/03/13/a-brief-history-of-construction/,https://sdowney.org/posts/index.php/2005/03/13/a-brief-history-of-construction.html
https://sdowney.org/index.php/2009/10/15/real-world-haskell-chapter-3/,https://sdowney.org/posts/index.php/2009/10/15/real-world-haskell-chapter-3.html
https://sdowney.org/index.php/2009/10/01/testing-embedded-tex/,https://sdowney.org/posts/index.php/2009/10/01/testing-embedded-tex.html
https://sdowney.org/index.php/2009/07/02/oops/,https://sdowney.org/posts/index.php/2009/07/02/oops.html
https://sdowney.org/index.php/2009/04/30/tabbed-working-notes/,https://sdowney.org/posts/index.php/2009/04/30/tabbed-working-notes.html
https://sdowney.org/index.php/2008/11/04/electoral-votes-and-poll-closing-times/,https://sdowney.org/posts/index.php/2008/11/04/electoral-votes-and-poll-closing-times.html
https://sdowney.org/index.php/2008/09/18/eeeep/,https://sdowney.org/posts/index.php/2008/09/18/eeeep.html
https://sdowney.org/index.php/2008/09/18/eeep/,https://sdowney.org/posts/index.php/2008/09/18/eeep.html
https://sdowney.org/index.php/2008/02/01/email-check/,https://sdowney.org/posts/index.php/2008/02/01/email-check.html
https://sdowney.org/index.php/2007/12/18/camping-this-last-weekend-at-west-hills/,https://sdowney.org/posts/index.php/2007/12/18/camping-this-last-weekend-at-west-hills.html
https://sdowney.org/index.php/2007/11/26/office-1-me-0/,https://sdowney.org/posts/index.php/2007/11/26/office-1-me-0.html
https://sdowney.org/index.php/2007/04/19/i-win/,https://sdowney.org/posts/index.php/2007/04/19/i-win.html
https://sdowney.org/index.php/2007/04/18/this-showed-up-in-my-local-bookstore/,https://sdowney.org/posts/index.php/2007/04/18/this-showed-up-in-my-local-bookstore.html
https://sdowney.org/index.php/2007/02/19/36/,https://sdowney.org/posts/index.php/2007/02/19/36.html
https://sdowney.org/index.php/2007/02/07/what-is-currying-an-aha-moment/,https://sdowney.org/posts/index.php/2007/02/07/what-is-currying-an-aha-moment.html
https://sdowney.org/index.php/2007/02/02/functional-programming-in-c-part-1/,https://sdowney.org/posts/index.php/2007/02/02/functional-programming-in-c-part-1.html
https://sdowney.org/index.php/2013/11/19/testing-post-via-email/,https://sdowney.org/posts/index.php/2013/11/19/testing-post-via-email.html
https://sdowney.org/index.php/2015/01/31/video-from-osr/,https://sdowney.org/posts/index.php/2015/01/31/video-from-osr.html
https://sdowney.org/index.php/2016/10/23/building-emacs-25-1-on-ubuntu-16-10/,https://sdowney.org/posts/index.php/2016/10/23/building-emacs-25-1-on-ubuntu-16-10.html
https://sdowney.org/index.php/2016/10/29/spingate/,https://sdowney.org/posts/index.php/2016/10/29/spingate.html
https://sdowney.org/index.php/2013/03/25/hello-world-2/,https://sdowney.org/posts/index.php/2013/03/25/hello-world-2.html
https://sdowney.org/index.php/2016/11/16/batch-running-functions-under-a-spingate/,https://sdowney.org/posts/index.php/2016/11/16/batch-running-functions-under-a-spingate.html
https://sdowney.org/index.php/2016/11/25/cross-compiling/,https://sdowney.org/posts/index.php/2016/11/25/cross-compiling.html
https://sdowney.org/index.php/2017/01/08/accessing-the-elements-of-a-tuple-as-variant/,https://sdowney.org/posts/index.php/2017/01/08/accessing-the-elements-of-a-tuple-as-variant.html
https://sdowney.org/index.php/2017/06/28/why-stdbind-cant-be-formally-deprecated/,https://sdowney.org/posts/index.php/2017/06/28/why-stdbind-cant-be-formally-deprecated.html
https://sdowney.org/index.php/2018/06/05/multithread-experiments/,https://sdowney.org/posts/index.php/2018/06/05/multithread-experiments.html
https://sdowney.org/index.php/2018/06/17/litmus-tests-for-multithreaded-behavior/,https://sdowney.org/posts/index.php/2018/06/17/litmus-tests-for-multithreaded-behavior.html
https://sdowney.org/index.php/2018/10/14/should-unicode-literals-be-guaranteed-to-be-well-formed/,https://sdowney.org/posts/index.php/2018/10/14/should-unicode-literals-be-guaranteed-to-be-well-formed.html
https://sdowney.org/index.php/2018/12/02/building-saar-razs-clang-concepts-branch/,https://sdowney.org/posts/index.php/2018/12/02/building-saar-razs-clang-concepts-branch.html
https://sdowney.org/index.php/2019/04/20/steve-downeys-birthday-observed/,https://sdowney.org/posts/index.php/2019/04/20/steve-downeys-birthday-observed.html
https://sdowney.org/index.php/2019/07/11/anyduck-a-value-type-erased-type/,https://sdowney.org/posts/index.php/2019/07/11/anyduck-a-value-type-erased-type.html
https://sdowney.org/index.php/2020/09/30/value-oriented-programming-a-manifesto/,https://sdowney.org/posts/index.php/2020/09/30/value-oriented-programming-a-manifesto.html
https://sdowney.org/index.php/2020/11/28/blog-infrastructure-work/,https://sdowney.org/posts/index.php/2020/11/28/blog-infrastructure-work.html
https://sdowney.org/index.php/2021/01/16/standard-vocabulary-for-algorithms/,https://sdowney.org/posts/index.php/2021/01/16/standard-vocabulary-for-algorithms.html
https://sdowney.org/index.php/2021/10/03/stdexecution-sender-receiver-and-the-continuation-monad/,https://sdowney.org/posts/index.php/2021/10/03/stdexecution-sender-receiver-and-the-continuation-monad.html
https://sdowney.org/index.php/2021/10/03/a-local-cmake-workflow-with-docker/,https://sdowney.org/posts/index.php/2021/10/03/a-local-cmake-workflow-with-docker.html
https://sdowney.org/index.php/2023/05/16/wp-global-styles-twentytwentytwo/,https://sdowney.org/pages/index.php/2023/05/16/wp-global-styles-twentytwentytwo.html
https://sdowney.org/index.php/2023/05/17/wp-global-styles-twentytwentythree/,https://sdowney.org/pages/index.php/2023/05/17/wp-global-styles-twentytwentythree.html
https://sdowney.org/index.php/2023/12/24/some-informal-remarks-towards-a-new-theory-of-trait-customization/,https://sdowney.org/posts/index.php/2023/12/24/some-informal-remarks-towards-a-new-theory-of-trait-customization.html
https://sdowney.org/index.php/2024/05/18/slides-from-cnow-2023-async-control-flow/,https://sdowney.org/posts/index.php/2024/05/18/slides-from-cnow-2023-async-control-flow.html
https://sdowney.org/index.php/2024/05/19/concept-maps-using-c23-library-tech/,https://sdowney.org/posts/index.php/2024/05/19/concept-maps-using-c23-library-tech.html
https://sdowney.org/index.php/2023/05/17/social-media/,https://sdowney.org/pages/index.php/2023/05/17/social-media.html
https://sdowney.org/index.php/2023/05/17/header/,https://sdowney.org/pages/index.php/2023/05/17/header.html
https://sdowney.org/index.php/2023/05/17/home/,https://sdowney.org/pages/index.php/2023/05/17/home.html
https://sdowney.org/index.php/2023/12/26/wp-global-styles-twentytwentyfour/,https://sdowney.org/pages/index.php/2023/12/26/wp-global-styles-twentytwentyfour.html
https://sdowney.org/index.php/2023/12/26/front-page/,https://sdowney.org/pages/index.php/2023/12/26/front-page.html
https://sdowney.org/tag/twentytwentyfour,/categories/twentytwentyfour/
https://sdowney.org/tag/twentytwentythree,/categories/twentytwentythree/
https://sdowney.org/tag/header,/categories/header/
https://sdowney.org/tag/lisp,/categories/lisp/
https://sdowney.org/tag/emacs,/categories/emacs/
https://sdowney.org/tag/social-media,/categories/social-media/
https://sdowney.org/tag/org2blog,/categories/org2blog/
https://sdowney.org/tag/twentytwentytwo,/categories/twentytwentytwo/
